{
    "locations": [
      { "id": 1, "geoId": "NYC", "name": "New York" },
      { "id": 2, "geoId": "CHI", "name": "Chicago" },
      { "id": 3, "geoId": "MIA", "name": "Miami" },
      { "id": 4, "geoId": "LAG", "name": "Lagos" },  
      { "id": 5, "geoId": "ABJ", "name": "Abuja" },  
      { "id": 6, "geoId": "DELTA", "name": "Delta" },  
      { "id": 101, "geoId": "PHC", "name": "Port Harcourt" },  
      { "id": 102, "geoId": "IBD", "name": "Ibadan" }, 
      { "id": 103, "geoId": "CAL", "name": "calabar" },
      { "id": 104, "geoId": "TOR", "name": "Toronto" },  
      { "id": 105, "geoId": "LON", "name": "London" },  
      { "id": 106, "geoId": "PAR", "name": "Paris" },
      { "id": 107, "geoId": "PHC", "name": "Port Harcourt" },  
      { "id": 7, "geoId": "LOS", "name": "Los Angeles" },  
      { "id": 8, "geoId": "TOR", "name": "Toronto" },  
      { "id": 9, "geoId": "LON", "name": "London" },  
      { "id": 10, "geoId": "PAR", "name": "Paris" },  
      { "id": 11, "geoId": "BER", "name": "Berlin" },  
      { "id": 12, "geoId": "MAD", "name": "Madrid" },  
      { "id": 13, "geoId": "ROM", "name": "Rome" },  
      { "id": 14, "geoId": "TOK", "name": "Tokyo" },  
      { "id": 15, "geoId": "SID", "name": "Sidney" },  
      { "id": 16, "geoId": "BRI", "name": "Brisbane" },  
      { "id": 17, "geoId": "MEL", "name": "Melbourne" },  
      { "id": 18, "geoId": "BKK", "name": "Bangkok" },  
      { "id": 19, "geoId": "SFO", "name": "San Francisco" },  
      { "id": 20, "geoId": "HOU", "name": "Houston" },  
      { "id": 21, "geoId": "DAL", "name": "Dallas" },  
      { "id": 22, "geoId": "ATL", "name": "Atlanta" },  
      { "id": 23, "geoId": "MEX", "name": "Mexico City" },  
      { "id": 24, "geoId": "SAO", "name": "São Paulo" },  
      { "id": 25, "geoId": "CAR", "name": "Caracas" },  
      { "id": 26, "geoId": "LIS", "name": "Lisbon" },  
      { "id": 27, "geoId": "AMS", "name": "Amsterdam" },  
      { "id": 28, "geoId": "WAS", "name": "Washington D.C." },  
      { "id": 29, "geoId": "BUD", "name": "Budapest" },  
      { "id": 30, "geoId": "SAN", "name": "San Diego" },  
      { "id": 31, "geoId": "BOS", "name": "Boston" },  
      { "id": 32, "geoId": "SGN", "name": "Ho Chi Minh City" },  
      { "id": 33, "geoId": "KUA", "name": "Kuala Lumpur" },  
      { "id": 34, "geoId": "DXB", "name": "Dubai" },  
      { "id": 35, "geoId": "JOH", "name": "Johannesburg" },  
      { "id": 36, "geoId": "CAPE", "name": "Cape Town" },  
      { "id": 37, "geoId": "KIE", "name": "Kyiv" },  
      { "id": 38, "geoId": "MOS", "name": "Moscow" },  
      { "id": 39, "geoId": "TEL", "name": "Tel Aviv" },  
      { "id": 40, "geoId": "ATH", "name": "Athens" },  
      { "id": 41, "geoId": "STP", "name": "Saint Petersburg" },  
      { "id": 42, "geoId": "LHE", "name": "Lahore" },  
      { "id": 43, "geoId": "DEL", "name": "New Delhi" },  
      { "id": 44, "geoId": "IST", "name": "Istanbul" },  
      { "id": 45, "geoId": "BOM", "name": "Mumbai" },  
      { "id": 46, "geoId": "ACR", "name": "Accra" },  
      { "id": 47, "geoId": "KIG", "name": "Kigali" },  
      { "id": 48, "geoId": "NBO", "name": "Nairobi" },  
      { "id": 49, "geoId": "WLG", "name": "Wellington" },  
      { "id": 50, "geoId": "CAN", "name": "Cancun" },  
      { "id": 51, "geoId": "OSL", "name": "Oslo" },  
      { "id": 52, "geoId": "ZUR", "name": "Zurich" },  
      { "id": 53, "geoId": "BRU", "name": "Brussels" },  
      { "id": 54, "geoId": "CPH", "name": "Copenhagen" },  
      { "id": 55, "geoId": "STH", "name": "Stockholm" },  
      { "id": 56, "geoId": "LSI", "name": "Lisbon" },  
      { "id": 57, "geoId": "BAM", "name": "Bamako" },  
      { "id": 58, "geoId": "LAX", "name": "Los Angeles" },  
      { "id": 59, "geoId": "TUN", "name": "Tunis" },  
      { "id": 60, "geoId": "HAI", "name": "Hanoi" },  
      { "id": 61, "geoId": "DOH", "name": "Doha" },  
      { "id": 62, "geoId": "ACC", "name": "Accra" },  
      { "id": 63, "geoId": "COC", "name": "Coco Beach" },  
      { "id": 64, "geoId": "PUC", "name": "Punta Cana" },  
      { "id": 65, "geoId": "TAM", "name": "Tampa" },  
      { "id": 66, "geoId": "QAT", "name": "Qatar" },  
      { "id": 67, "geoId": "SNA", "name": "Santa Ana" },  
      { "id": 68, "geoId": "KPA", "name": "Kampala" },  
      { "id": 69, "geoId": "NGA", "name": "Nagasaki" },  
      { "id": 70, "geoId": "ANU", "name": "Antigua" },  
      { "id": 71, "geoId": "LON", "name": "London" },  
      { "id": 72, "geoId": "CAS", "name": "Casablanca" },  
      { "id": 73, "geoId": "ADA", "name": "Addis Ababa" },  
      { "id": 74, "geoId": "ELM", "name": "Elmira" },  
      { "id": 75, "geoId": "DUR", "name": "Durban" },  
      { "id": 76, "geoId": "LAP", "name": "Lappeenranta" },  
      { "id": 77, "geoId": "TRI", "name": "Trieste" },  
      { "id": 78, "geoId": "PER", "name": "Perth" },  
      { "id": 79, "geoId": "MIR", "name": "Mirebalais" },  
      { "id": 80, "geoId": "PAP", "name": "Port-au-Prince" },  
      { "id": 81, "geoId": "KAB", "name": "Kabul" },  
      { "id": 82, "geoId": "QOM", "name": "Qom" },  
      { "id": 83, "geoId": "HIL", "name": "Helsinki" },  
      { "id": 84, "geoId": "SIN", "name": "Singapore" },  
      { "id": 85, "geoId": "DAK", "name": "Dakar" },  
      { "id": 86, "geoId": "WAS", "name": "Washington" },  
      { "id": 87, "geoId": "SAV", "name": "Savannah" },  
      { "id": 88, "geoId": "LAH", "name": "Lahore" },  
      { "id": 89, "geoId": "IDD", "name": "Idlib" },  
      { "id": 90, "geoId": "JAK", "name": "Jakarta" },  
      { "id": 91, "geoId": "OVA", "name": "Oviedo" },  
      { "id": 92, "geoId": "ZGO", "name": "Zagreb" },  
      { "id": 93, "geoId": "TAY", "name": "Tay Ninh" },  
      { "id": 94, "geoId": "MAY", "name": "Mayaguez" },  
      { "id": 95, "geoId": "LYO", "name": "Lyon" },  
      { "id": 96, "geoId": "TGU", "name": "Tegucigalpa" },  
      { "id": 97, "geoId": "SJU", "name": "San Juan" },  
      { "id": 98, "geoId": "CIY", "name": "Cairo" },  
      { "id": 99, "geoId": "TAS", "name": "Tashkent" },  
      { "id": 100, "geoId": "SEL", "name": "Seoul" }  
    ],
    "hotels": [
      {
        "id": 1,
        "locationId": 1,
        "name": "Hotel Manhattan",
        "price": 200,
        "city": "New York",
        "rating": 4.5,
        "description": "Luxurious accommodations with stunning views of the skyline, ideal for romantic getaways.",
        "image": "https://example.com/images/hotel-manhattan.jpg",
        "grade": "LUXURY"
      },
      {
        "id": 2,
        "locationId": 1,
        "name": "Central Park Hotel",
        "price": 300,
        "city": "New York",
        "rating": 4.2,
        "description": "A beautiful hotel a stone's throw from Central Park, combining comfort with convenience.",
        "image": "https://example.com/images/central-park-hotel.jpg",
        "grade": "NATURE"
      },
      {
        "id": 3,
        "locationId": 2,
        "name": "Windy City Inn",
        "price": 150,
        "city": "Chicago",
        "rating": 3.8,
        "description": "Affordable lodging with a friendly atmosphere in the heart of Chicago.",
        "image": "https://example.com/images/windy-city-inn.jpg",
        "grade": "BUDGET"
      },
      {
        "id": 4,
        "locationId": 3,
        "name": "Miami Beach Resort",
        "price": 250,
        "city": "Miami",
        "rating": 4.6,
        "description": "Enjoy beachfront living and vibrant nightlife in our stylish Miami resort.",
        "image": "https://example.com/images/miami-beach-resort.jpg",
        "grade": "RELAX"
      },
      {
        "id": 5,
        "locationId": 1,
        "name": "Times Square Inn",
        "price": 250,
        "city": "New York",
        "rating": 4.0,
        "description": "Centrally located, this inn provides easy access to the excitement of Times Square.",
        "image": "https://example.com/images/times-square-inn.jpg",
        "grade": "CITY"
      },
      {
        "id": 6,
        "locationId": 1,
        "name": "Broadway Suites",
        "price": 400,
        "city": "New York",
        "rating": 4.7,
        "description": "Luxury suites in the heart of the theater district, perfect for culture enthusiasts.",
        "image": "https://example.com/images/broadway-suites.jpg",
        "grade": "CULTURAL"
      },
      {
        "id": 7,
        "locationId": 1,
        "name": "NYC Boutique Hotel",
        "price": 280,
        "city": "New York",
        "rating": 4.1,
        "description": "Experience unique NYC charm with modern comforts in this boutique hotel.",
        "image": "https://example.com/images/nyc-boutique-hotel.jpg",
        "grade": "BOUTIQUE"
      },
      {
        "id": 101,
        "locationId": 2,
        "name": "Windy City Inn",
        "price": 150,
        "city": "Chicago",
        "rating": 3.8,
        "description": "Affordable lodging with a friendly atmosphere in the heart of Chicago.",
        "image": "https://example.com/images/windy-city-inn.jpg",
        "grade": "BUDGET"
      },
      {
        "id": 102,
        "locationId": 2,
        "name": "Chicago Lakeshore Hotel",
        "price": 180,
        "city": "Chicago",
        "rating": 4.0,
        "description": "Scenic lakeside views and comfortable rooms, a great destination for travelers.",
        "image": "https://example.com/images/chicago-lakeshore-hotel.jpg",
        "grade": "NATURE"
      },
      {
        "id": 103,
        "locationId": 2,
        "name": "Magnificent Mile Hotel",
        "price": 210,
        "city": "Chicago",
        "rating": 4.2,
        "description": "Located on the renowned Magnificent Mile, this hotel is perfect for shopping and dining enthusiasts.",
        "image": "https://example.com/images/magnificent-mile-hotel.jpg",
        "grade": "CITY"
      },
      {
        "id": 104,
        "locationId": 2,
        "name": "Willis Tower Suites",
        "price": 330,
        "city": "Chicago",
        "rating": 4.4,
        "description": "Upscale amenities with breathtaking views from the iconic Willis Tower.",
        "image": "https://example.com/images/willis-tower-suites.jpg",
        "grade": "LUXURY"
      },
      {
        "id": 105,
        "locationId": 2,
        "name": "Chicago River Hotel",
        "price": 250,
        "city": "Chicago",
        "rating": 4.1,
        "description": "Experience beautiful views of the Chicago River with this centrally located hotel.",
        "image": "https://example.com/images/chicago-river-hotel.jpg",
        "grade": "NATURE"
      },
      {
        "id": 201,
        "locationId": 3,
        "name": "Miami Beach Resort",
        "price": 250,
        "city": "Miami",
        "rating": 4.6,
        "description": "Enjoy beachfront living and vibrant nightlife in our stylish Miami resort.",
        "image": "https://example.com/images/miami-beach-resort.jpg",
        "grade": "RELAX"
      },
      {
        "id": 202,
        "locationId": 3,
        "name": "Ocean Drive Hotel",
        "price": 320,
        "city": "Miami",
        "rating": 4.5,
        "description": "Stylish accommodations with stunning ocean views on the famous Ocean Drive.",
        "image": "https://example.com/images/ocean-drive-hotel.jpg",
        "grade": "LUXURY"
      },
      {
        "id": 203,
        "locationId": 3,
        "name": "Little Havana Hotel",
        "price": 210,
        "city": "Miami",
        "rating": 4.0,
        "description": "Immerse yourself in the local culture at this charming hotel near Little Havana.",
        "image": "https://example.com/images/little-havana-hotel.jpg",
        "grade": "CULTURAL"
      },
      {
        "id": 204,
        "locationId": 3,
        "name": "South Beach Suites",
        "price": 295,
        "city": "Miami",
        "rating": 4.3,
        "description": "Luxurious suites just steps away from Miami's famous South Beach.",
        "image": "https://example.com/images/south-beach-suites.jpg",
        "grade": "RELAX"
      },
      {
        "id": 205,
        "locationId": 3,
        "name": "W Miami",
        "price": 450,
        "city": "Miami",
        "rating": 4.7,
        "description": "A vibrant luxury hotel in the heart of Miami's Brickell City Centre.",
        "image": "https://example.com/images/w-miami.jpg",
        "grade": "NIGHTLIFE"
      },
      {
        "id": 301,
        "locationId": 4,
        "name": "Eko Hotel & Suites",
        "price": 480,
        "city": "Lagos",
        "rating": 4.4,
        "description": "Offering upscale luxury with stunning views of the Lagos skyline.",
        "image": "https://example.com/images/eko-hotel-suites.jpg",
        "grade": "LUXURY"
      },
      {
        "id": 303,
        "locationId": 4,
        "name": "Oriental Hotel",
        "price": 450,
        "city": "Lagos",
        "rating": 4.5,
        "description": "A luxurious hotel with a unique Asian influence, featuring exquisite dining and stunning decor.",
        "image": "https://example.com/images/oriental-hotel.jpg",
        "grade": "LUXURY"
      },
      {
        "id": 401,
        "locationId": 5,
        "name": "Transcorp Hilton Abuja",
        "price": 350,
        "city": "Abuja",
        "rating": 4.2,
        "description": "A premier hotel offering top-notch luxury and comfort in the heart of Abuja.",
        "image": "https://example.com/images/transcorp-hilton-abuja.jpg",
        "grade": "LUXURY"
      },
      {
        "id": 402,
        "locationId": 5,
        "name": "Sheraton Abuja Hotel",
        "price": 300,
        "city": "Abuja",
        "rating": 4.1,
        "description": "Elegantly designed accommodations in a serene environment, ideal for business and leisure.",
        "image": "https://example.com/images/sheraton-abuja-hotel.jpg",
        "grade": "BUSINESS"
      },
      {
        "id": 403,
        "locationId": 5,
        "name": "Eagle Square Hotel",
        "price": 180,
        "city": "Abuja",
        "rating": 3.9,
        "description": "Comfortable and affordable rooms close to city attractions and amenities.",
        "image": "https://example.com/images/eagle-square-hotel.jpg",
        "grade": "BUDGET"
      },
      {
        "id": 404,
        "locationId": 5,
        "name": "The Nordic Villa",
        "price": 200,
        "city": "Abuja",
        "rating": 4.0,
        "description": "A cozy hotel providing a warm atmosphere with personalized service and local flair.",
        "image": "https://example.com/images/nordic-villa.jpg",
        "grade": "LOCAL"
      },
      {
        "id": 405,
        "locationId": 5,
        "name": "The Envoy Hotel",
        "price": 220,
        "city": "Abuja",
        "rating": 4.1,
        "description": "Modern hotel accommodations with world-class amenities for discerning travelers.",
        "image": "https://example.com/images/envoy-hotel.jpg",
        "grade": "LUXURY"
      },
      {
        "id": 406,
        "locationId": 5,
        "name": "Valencia Hotel",
        "price": 150,
        "city": "Abuja",
        "rating": 3.8,
        "description": "A budget-friendly option with comfortable rooms and friendly service.",
        "image": "https://example.com/images/valencia-hotel.jpg",
        "grade": "BUDGET"
      },
      {
        "id": 407,
        "locationId": 5,
        "name": "Bon Hotels Abuja",
        "price": 175,
        "city": "Abuja",
        "rating": 3.7,
        "description": "A vibrant hotel experience with modern amenities and a lively atmosphere.",
        "image": "https://example.com/images/bon-hotels-abuja.jpg",
        "grade": "BUDGET"
      },
      {
        "id": 502,
        "locationId": 4,
        "name": "Radisson Blu Anchorage Hotel",
        "price": 270,
        "city": "Lagos",
        "rating": 4.3,
        "description": "A modern waterfront hotel providing luxury accommodations and outstanding service.",
        "image": "https://example.com/images/radisson-blu-anchorage-hotel.jpg",
        "grade": "LUXURY"
      },
      {
        "id": 501,
        "locationId": 4,
        "name": "Victoria Crown Plaza Hotel",
        "price": 250,
        "city": "Lagos",
        "rating": 4.1,
        "description": "Elegant hotel offering comfort and convenience in the heart of Lagos.",
        "image": "https://example.com/images/victoria-crown-plaza-hotel.jpg",
        "grade": "BUSINESS"
      },
      {
        "id": 503,
        "locationId": 4,
        "name": "The Wheatbaker",
        "price": 320,
        "city": "Lagos",
        "rating": 4.5,
        "description": "A luxurious hotel known for its stylish decor and exceptional dining experiences.",
        "image": "https://example.com/images/the-wheatbaker.jpg",
        "grade": "LUXURY"
      },
      {
        "id": 504,
        "locationId": 4,
        "name": "Eko Hotel & Suites",
        "price": 220,
        "city": "Lagos",
        "rating": 4.0,
        "description": "A well-known hotel with a range of amenities, perfect for both business and leisure travelers.",
        "image": "https://example.com/images/eko-hotel-suites.jpg",
        "grade": "LOCAL"
      },
      {
        "id": 505,
        "locationId": 4,
        "name": "Four Points by Sheraton Lagos",
        "price": 245,
        "city": "Lagos",
        "rating": 4.3,
        "description": "Modern accommodations with convenient access to the city’s attractions and businesses.",
        "image": "https://example.com/images/four-points-by-sheraton-lagos.jpg",
        "grade": "CITY"
      }
    ]
  }
  